id,site,job_url,job_url_direct,title,company,location,date_posted,job_type,salary_source,interval,min_amount,max_amount,currency,is_remote,job_level,job_function,listing_type,emails,description,company_industry,company_url,company_logo,company_url_direct,company_addresses,company_num_employees,company_revenue,company_description,skills,experience_range,company_rating,company_reviews_count,vacancy_count,work_from_home_type
in-240c20688c68d908,indeed,https://www.indeed.com/viewjob?jk=240c20688c68d908,https://relx.wd3.myworkdayjobs.com/en-US/relx/job/Remote---USA---Nationwide/Content-Manager_R110954-1,Content Manager,RELX Group,"Remote, US",2026-03-26,fulltime,direct_data,yearly,90500.0,190500.0,USD,True,,,,,"**Content Manager, Labor \& Employment** **Description**
LexisNexis seeks a recently practicing L\&E attorney with 5\+ years of Labor \& Employment experience to plan, draft, and edit practical guidance and secondary content and help develop and maintain online legal products for attorneys. This is a full\-time role with competitive benefits; remote work feasible. We are looking for a self\-motivated attorney with excellent writing and communication skills who can work both independently and collaboratively. If you are looking for an alternative legal career with opportunities to develop practice area expertise, innovate in legal technology, work with a high\-caliber team of experienced professionals, and improve your work\-life balance at a company that advances the rule of law and social responsibility, this is the job for you. **AI\-Assisted Content Development*** Leverage generative and agentic AI, automation, and data to streamline content development and editorial processes for content creation
* Craft prompts, evaluate AI outputs, and iterate to achieve optimal results
* Track and monitor changes and advances in legal technology and AI

 **Detailed Role Description:**
The person in this role will help deliver a compelling and all\-purpose practical guidance legal products and secondary materials across targeted markets as a member of a multi\-disciplined team of content developers, product planners, external consultants, IT specialists, and marketing and sales representatives. This person will:* Develop, write, and edit how\-to practical guidance content (including practice notes, checklists, and annotated templates) on a wide range of L\&E topics
* Recruit and manage internal editors and external authors to ensure timely delivery of content
* Monitor trends in L\&E law and practice
* Make recommendations concerning overall content strategy and expansion and assist in product design and AI advancements by applying subject matter and practice knowledge
* Monitor competitiveness of the product offering and support sales organization as a resource for practice, product, and competitive knowledge
* Assist in delivering customer\-facing messaging/marketing and customer training/customer service

 **Qualifications, Skills and Experience:*** 5\+ years of recent experience (preferably at an Am Law 100/200 firm or in\-house) practicing Labor \& Employment law
* Significant substantive experience in both labor \& employment litigation and employment counseling
* Excellent writing, editing, and research skills
* Significant legal writing experience drafting employment litigation documents such as pleadings, discovery documents, memoranda of law, and L\&E counseling documents, such as L\&E policies, agreements, and other key L\&E documents
* A passion for building top notch legal practical guidance and tools in a digital and AI universe
* Experience drafting client alerts or other legal articles, and/or drafting or editing practical guidance, and/or composing and delivering CLE presentations or associate training programs a plus
* Excellent oral communication and presentation skills
* Ability to make pitches to prospective customers and to present trainings to current customers
* Strong professional network of L\&E attorneys
* Experience with L\&E health and safety issues a plus
* Experience with unions / labor management relations a plus
* Experience with business immigration a plus
* Experience with labor \& employment aspects of M\&A / corporate transactions a plus
* Comfortable working in Microsoft Word, Excel, and PowerPoint, and conducting online research
* Comfortable working in ChatGPT, Co\-Pilot, and other AI tools
* Must be highly organized, self\-motivated, and detail\-oriented
* Ability to work independently and as part of a team
* Law degree from an accredited law school
* Active bar membership in good standing
* Location: NYC metropolitan area or remote in the United States

**About the Business**  

LexisNexis Legal \& Professional® provides legal, regulatory, and business information and analytics that help customers increase their productivity, improve decision\-making, achieve better outcomes, and advance the rule of law around the world. As a digital pioneer, the company was the first to bring legal and business information online with its Lexis® and Nexis® services.**Additional Details**
We are committed to providing a fair and accessible hiring process. If you have a disability or other need that requires accommodation or adjustment, please let us know by completing our Applicant Request Support Form or please contact 1\-855\-833\-5120\.**Criminals may pose as recruiters asking for money or personal information. We never request money or banking details from job applicants. Learn more about spotting and avoiding scams** **here****.**
Please read our Candidate Privacy Policy.
We are an equal opportunity employer: qualified applicants are considered for and treated during employment without regard to race, color, creed, religion, sex, national origin, citizenship status, disability status, protected veteran status, age, marital status, sexual orientation, gender identity, genetic information, or any other characteristic protected by law.***USA Job Seekers:***
EEO Know Your Rights  


U.S. National Base Pay Range: $95,300 \- $158,800\. Geographic differentials may apply in some locations to better reflect local market rates.
Base Pay Range for CO is $95,300 \- $158,800\. Base Pay Range for IL is $100,100 \- $166,800\. Base Pay Range for Chicago, IL is $104,800 \- $174,700\. Base Pay Range for MD is $100,100 \- $166,800\. Base Pay Range for NY is $104,800 \- $174,700\. Base Pay Range for New York City is $114,300 \- $190,500\. Base Pay Range for Rochester, NY is $95,300 \- $158,800\. Base Pay Range for OH is $90,500 \- $150,900\. Base Pay Range for NJ is $107,646\- $171,954\.  

This job is eligible for an annual incentive bonus.
Application deadline is 07/30/2026\. **We know your well\-being and happiness are key to a long and successful career. We are delighted to offer country specific benefits. Click** **here** **to access benefits specific to your location.**
We are committed to providing a fair and accessible hiring process. If you have a disability or other need that requires accommodation or adjustment, please let us know by completing our Applicant Request Support Form or please contact 1\-855\-833\-5120\.**Criminals may pose as recruiters asking for money or personal information. We never request money or banking details from job applicants. Learn more about spotting and avoiding scams** **here****.**
Please read our Candidate Privacy Policy.
We are an equal opportunity employer: qualified applicants are considered for and treated during employment without regard to race, color, creed, religion, sex, national origin, citizenship status, disability status, protected veteran status, age, marital status, sexual orientation, gender identity, genetic information, or any other characteristic protected by law.***USA Job Seekers:***
EEO Know Your Rights.",,https://www.indeed.com/cmp/Relx-Group,https://d2q79iu7y748jz.cloudfront.net/s/_squarelogo/256x256/6157f322b160f873d25e432ea87dc421,https://www.lexisnexis.com,"New York, NY","1,001 to 5,000",$25M to $100M (USD),,,,,,,
in-460f880b8e663d9b,indeed,https://www.indeed.com/viewjob?jk=460f880b8e663d9b,https://relx.wd3.myworkdayjobs.com/en-US/LexisNexisLegal/job/Remote---USA---Nationwide/Content-Manager_R110954,Content Manager,LexisNexis Legal & Professional,"Remote, US",2026-03-26,fulltime,direct_data,yearly,90500.0,190500.0,USD,True,,,,,"**Content Manager, Labor \& Employment** **Description**
LexisNexis seeks a recently practicing L\&E attorney with 5\+ years of Labor \& Employment experience to plan, draft, and edit practical guidance and secondary content and help develop and maintain online legal products for attorneys. This is a full\-time role with competitive benefits; remote work feasible. We are looking for a self\-motivated attorney with excellent writing and communication skills who can work both independently and collaboratively. If you are looking for an alternative legal career with opportunities to develop practice area expertise, innovate in legal technology, work with a high\-caliber team of experienced professionals, and improve your work\-life balance at a company that advances the rule of law and social responsibility, this is the job for you. **AI\-Assisted Content Development*** Leverage generative and agentic AI, automation, and data to streamline content development and editorial processes for content creation
* Craft prompts, evaluate AI outputs, and iterate to achieve optimal results
* Track and monitor changes and advances in legal technology and AI

 **Detailed Role Description:**
The person in this role will help deliver a compelling and all\-purpose practical guidance legal products and secondary materials across targeted markets as a member of a multi\-disciplined team of content developers, product planners, external consultants, IT specialists, and marketing and sales representatives. This person will:* Develop, write, and edit how\-to practical guidance content (including practice notes, checklists, and annotated templates) on a wide range of L\&E topics
* Recruit and manage internal editors and external authors to ensure timely delivery of content
* Monitor trends in L\&E law and practice
* Make recommendations concerning overall content strategy and expansion and assist in product design and AI advancements by applying subject matter and practice knowledge
* Monitor competitiveness of the product offering and support sales organization as a resource for practice, product, and competitive knowledge
* Assist in delivering customer\-facing messaging/marketing and customer training/customer service

 **Qualifications, Skills and Experience:*** 5\+ years of recent experience (preferably at an Am Law 100/200 firm or in\-house) practicing Labor \& Employment law
* Significant substantive experience in both labor \& employment litigation and employment counseling
* Excellent writing, editing, and research skills
* Significant legal writing experience drafting employment litigation documents such as pleadings, discovery documents, memoranda of law, and L\&E counseling documents, such as L\&E policies, agreements, and other key L\&E documents
* A passion for building top notch legal practical guidance and tools in a digital and AI universe
* Experience drafting client alerts or other legal articles, and/or drafting or editing practical guidance, and/or composing and delivering CLE presentations or associate training programs a plus
* Excellent oral communication and presentation skills
* Ability to make pitches to prospective customers and to present trainings to current customers
* Strong professional network of L\&E attorneys
* Experience with L\&E health and safety issues a plus
* Experience with unions / labor management relations a plus
* Experience with business immigration a plus
* Experience with labor \& employment aspects of M\&A / corporate transactions a plus
* Comfortable working in Microsoft Word, Excel, and PowerPoint, and conducting online research
* Comfortable working in ChatGPT, Co\-Pilot, and other AI tools
* Must be highly organized, self\-motivated, and detail\-oriented
* Ability to work independently and as part of a team
* Law degree from an accredited law school
* Active bar membership in good standing
* Location: NYC metropolitan area or remote in the United States

**About the Business**  

LexisNexis Legal \& Professional® provides legal, regulatory, and business information and analytics that help customers increase their productivity, improve decision\-making, achieve better outcomes, and advance the rule of law around the world. As a digital pioneer, the company was the first to bring legal and business information online with its Lexis® and Nexis® services.**Additional Details**
We are committed to providing a fair and accessible hiring process. If you have a disability or other need that requires accommodation or adjustment, please let us know by completing our Applicant Request Support Form or please contact 1\-855\-833\-5120\.**Criminals may pose as recruiters asking for money or personal information. We never request money or banking details from job applicants. Learn more about spotting and avoiding scams** **here****.**
Please read our Candidate Privacy Policy.
We are an equal opportunity employer: qualified applicants are considered for and treated during employment without regard to race, color, creed, religion, sex, national origin, citizenship status, disability status, protected veteran status, age, marital status, sexual orientation, gender identity, genetic information, or any other characteristic protected by law.***USA Job Seekers:***
EEO Know Your Rights  


U.S. National Base Pay Range: $95,300 \- $158,800\. Geographic differentials may apply in some locations to better reflect local market rates.
Base Pay Range for CO is $95,300 \- $158,800\. Base Pay Range for IL is $100,100 \- $166,800\. Base Pay Range for Chicago, IL is $104,800 \- $174,700\. Base Pay Range for MD is $100,100 \- $166,800\. Base Pay Range for NY is $104,800 \- $174,700\. Base Pay Range for New York City is $114,300 \- $190,500\. Base Pay Range for Rochester, NY is $95,300 \- $158,800\. Base Pay Range for OH is $90,500 \- $150,900\. Base Pay Range for NJ is $107,646\- $171,954\.  

This job is eligible for an annual incentive bonus.
Application deadline is 07/30/2026\. **We know your well\-being and happiness are key to a long and successful career. We are delighted to offer country specific benefits. Click** **here** **to access benefits specific to your location.**
We are committed to providing a fair and accessible hiring process. If you have a disability or other need that requires accommodation or adjustment, please let us know by completing our Applicant Request Support Form or please contact 1\-855\-833\-5120\.**Criminals may pose as recruiters asking for money or personal information. We never request money or banking details from job applicants. Learn more about spotting and avoiding scams** **here****.**
Please read our Candidate Privacy Policy.
We are an equal opportunity employer: qualified applicants are considered for and treated during employment without regard to race, color, creed, religion, sex, national origin, citizenship status, disability status, protected veteran status, age, marital status, sexual orientation, gender identity, genetic information, or any other characteristic protected by law.***USA Job Seekers:***
EEO Know Your Rights.",,https://www.indeed.com/cmp/Lexisnexis-Legal-&-Professional-1,https://d2q79iu7y748jz.cloudfront.net/s/_squarelogo/256x256/2355014b0ab327e1563a5d781bf7f100,https://www.lexisnexis.com/careers,"New York, NY","10,000+",$1B to $5B (USD),LexisNexis is a leading global provider of legal research. Join us in shaping a more just world through innovation & dedication at work and in the community. #LexisNexis,,,,,,
in-3ca920b9b83780a4,indeed,https://www.indeed.com/viewjob?jk=3ca920b9b83780a4,https://jobs.twilio.com/careers/job/1099552684864?domain=twilio.com,Analyst Relations Intern,Twilio,"Remote, US",2026-03-25,internship,direct_data,hourly,26.0,31.0,USD,True,,,,,"**Who we are**



At Twilio, we’re shaping the future of communications, all from the comfort of our homes. We deliver innovative solutions to hundreds of thousands of businesses and empower millions of developers worldwide to craft personalized customer experiences.



Our dedication to remote\-first work, and strong culture of connection and global inclusion means that no matter your location, you’re part of a vibrant team with diverse experiences making a global impact each day. As we continue to revolutionize how the world interacts, we’re acquiring new skills and experiences that make work feel truly rewarding. Your career at Twilio is in your hands.  

  

We use Artificial Intelligence (AI) to help make our hiring process efficient. That said, every hiring decision is made by real Twilions!



.

**See yourself at Twilio**



Join the team as Twilio’s next Analyst Relations Intern!


**About the job**



This position is needed to support a team building trusted, influential relationships with top\-tier industry analysts and influencers that elevate Twilio’s market position, as well as leverage the expertise of analyst partners to guide internal team strategy for winning in the next era of CX.


**Responsibilities**



In this role, you’ll:


* Develop internal analyst newsletter that helps guide internal stakeholders on key analyst perspectives and feedback
* Create regular external analyst newsletter that keep analyst community updated on latest announcements, wins, customer stories and thought leadership
* Prepare briefing doc drafts for exec engagements
* Work with Executive Business Partners (EBPs) on scheduling / availability for analyst engagements
* Pulling and summarizing relevant research
* Keeping our internal pages and resources up to date
* Support inbound research requests from stakeholders and cross functional teams
* Helping to support analyst submissions and RFIs
* Drafting analyst email updates
* Supporting our Gartner Peer Insights program


**Qualifications**



Twilio values diverse experiences from all kinds of industries, and we encourage everyone who meets the required qualifications to apply. If your career is just starting or hasn't followed a traditional path, don't let that stop you from considering Twilio. We are always looking for people who will bring something new to the table!


**Required:**


* Currently pursuing or completed a Bachelor's or Master’s degree in marketing, communications or related field
* Excellent writing, editing and attention to detail
* Strong communication skills and effective collaborator


**Desired:**


* Growth mindset
* Good research and analytical skills with an ability to digest content and summarize key takeaways
* Interest in pursuing a career in Analyst Relations or Communications


**Location**



This role will be remote,but is not eligible to be hired in CA, CT, NJ, NY, PA, WA.


**What We Offer**



Working at Twilio offers many benefits, including competitive pay, generous time off, ample parental and wellness leave, healthcare, a retirement savings program, and much more. Offerings vary by location.


**Compensation**


* *Please note the salary range information provided applies only to candidates residing in California, Colorado, Hawaii, Illinois, Maryland, Massachusetts, Minnesota, New Jersey, New York, Vermont, Washington D.C., and Washington State due to local requirements. Compensation for candidates in other locations will be discussed during the hiring process. Please note that hiring for this role is not restricted to the locations listed above.*



The estimated pay ranges for this role are as follows:


* Based in Colorado, Hawaii, Illinois, Maryland, Massachusetts, Minnesota, Vermont or Washington D.C.: $26\.00/hour
* Based in New York, New Jersey, Washington State, or California (outside of the San Francisco Bay area): $28\.00/hour
* Based in the San Francisco Bay area, California: $31\.00/hour


The successful candidate’s starting salary will be determined based on permissible, non\-discriminatory factors such as skills, experience, and geographic location.



Applications for this role are intended to be accepted until April 10th, but may change based on business needs.

**Twilio thinks big. Do you?**



We like to solve problems, take initiative, pitch in when needed, and are always up for trying new things. That's why we seek out colleagues who embody our values — something we call Twilio Magic. Additionally, we empower employees to build positive change in their communities by supporting their volunteering and donation efforts.



So, if you're ready to unleash your full potential, do your best work, and be the best version of yourself, apply now! If this role isn't what you're looking for, please consider other open positions.


**Twilio is proud to be an equal opportunity employer.** We do not discriminate based upon race, religion, color, national origin, sex (including pregnancy, childbirth, reproductive health decisions, or related medical conditions), sexual orientation, gender identity, gender expression, age, status as a protected veteran, status as an individual with a disability, genetic information, political views or activity, or other applicable legally protected characteristics. We also consider qualified applicants with criminal histories, consistent with applicable federal, state and local law. Qualified applicants with arrest or conviction records will be considered for employment in accordance with the Los Angeles County Fair Chance Ordinance for Employers and the California Fair Chance Act. Additionally, Twilio participates in the E\-Verify program in certain locations, as required by law.",Internet And Software,https://www.indeed.com/cmp/Twilio,https://d2q79iu7y748jz.cloudfront.net/s/_squarelogo/256x256/308e9e339069dfe1233303345fd6514f,http://www.twilio.com,"101 Spear Street 5th floor, San Francisco, CA, 94105","5,001 to 10,000",$1B to $5B (USD),Twilio’s mission is to unlock the imagination of builders.,,,,,,
in-ab69d0501d0ab320,indeed,https://www.indeed.com/viewjob?jk=ab69d0501d0ab320,https://job-boards.greenhouse.io/mozilla/jobs/7752099,Social Media & Content Strategist (Open-Source AI) New,Mozilla Corporation,"Remote, US",2026-03-25,"parttime, contract",direct_data,yearly,125000.0,187000.0,USD,True,,,,,"About the role
==============



Mozilla.org is a mission\-driven organization dedicated to keeping the internet open, accessible, and secure. Through a diverse portfolio of products, subsidiaries, and investments, Mozilla.org advances internet technologies, privacy\-first solutions, and responsible AI.



We’re looking for a Developer Relations \& Content Strategist to help build relationships, tell stories, and grow communities around open\-source AI using modern channels: short\-form video, social platforms, and a new newsletter. This is a flexible, part\-time or contract role suited for someone who understands how developers and technical communities actually engage \- and who is fluent in today’s content and distribution tools.



You’ll work closely with senior Mozilla leaders to shape strategy, experiment in public, and help Mozilla show up authentically where technical conversations are already happening.

  



What you’ll do \- in brief
==========================


**Make Mozilla a highly\-visible champion for open source AI in the developer/developer relations community, and shape a profile for Mozilla as an influencer in this space.** This consultant will stand up a vertical video strategy, shape and implement a social strategy to engage developers, get reach for Mozilla’s open source AI activities, and help grow an engaged audience for a new newsletter, *Owners Not Renters*.

  

  

  



What you’ll do \- in detail
===========================


*Strategy \+ Positioning*
-------------------------


* Help define how Mozilla communicates about open\-source AI to technical and builder communities
* Develop a video, content and social strategy to support our 2026 Open\-source AI engagement activities This includes supporting the launch of major projects like a Q2 State of Open\-Source AI report, and proposing an ongoing cadence of content.
* Making clear recommendations on the right platforms for Mozilla to engage
* Develop an “inform\-the\-influencer” approach aligned with DevRel values:
* + Identify respected builders, creators, and thinkers in the AI ecosystem
	+ Share ideas, context, and early insights in ways that invite collaboration
	+ Help Mozilla become a trusted reference point in open\-source AI discussions

*Modern DevRel content, with a focus on vertical video*
-------------------------------------------------------


* Design and iterate on a short\-form video strategy (e.g. Reels, TikTok, Shorts) tailored to technical audiences
* Collaborate on hooks, scripts, demos, explainers, and conversation\-starting formats
* Support hands\-on content logistics: editing, publishing, scheduling, iteration

*Community, social \& ecosystem engagement*
-------------------------------------------


* Make and implement clear recommendations for Mozilla to engage on platforms like Reddit, Discord and Hacker News.
* Engage directly with developers, founders, and creators through replies, comments, and conversations
* Identify and participate in the online spaces where AI builders already gather
* Build trust and rapport over time, not just follower counts
* This work might (based on candidate) be about you engaging in these spaces, or directing Mozilla on how to and developing content for us to use.

*Newsletter \& long\-form engagement*
-------------------------------------



Working with a writer and additional team members, help to grow audience and reach for a new Substack, *Owners Not Renters*.


* Support in maintenance of our Substack platform
* Define editorial themes, cadence, and feedback loops with the community
* Partner with our designer to implement changes and features; partner across Mozilla to source content and contributions.
* Propose and implement newsletter marketing strategies, including paid promotion


Across these tasks, ideal candidate would explore how open\-source AI tools can support content creation and community work


Who you are
===========


* A strong DevRel instinct: you care about developers, builders, and communities first
* Fluent in modern social, video, and newsletter tools
* Comfortable moving between strategy, execution, and community interaction
* Strong intuition for internet culture and technical audiences
* Thoughtful about who you’re speaking to and why
* Curious, opinionated, and comfortable experimenting in public
* Genuinely excited about AI \- especially open\-source AI and its societal impact


You might come from developer relations, technical content, community building, or creator work. Titles matter less than judgment, fluency, and enthusiasm.


What success looks like
=======================


* Mozilla (and/or CTO Raffi Krikorian on behalf of Mozilla) emerges as a leading go\-to/influencer on open\-source AI.
* We have a strong vertical video program and social/community engagement program up and running for our OSAI work.
* Developer and tech audience cutthrough for Mozilla as a leader on open\-source AI, and for “moments” like hackathons, meetups and the release of the State of Open\-Source AI.
* A growing, high\-quality newsletter with repeat readers
* Strong relationships with creators, builders, and influencers in the AI space


Working model
=============


* Part\-time or contract role;
* Flexible hours, outcome\-oriented; and
* Opportunity to shape something early and experimental

  



Budget for this opportunity: **$125,000–$187,000 annualized equivalent**.



This is a fixed\-term contract opportunity, not a permanent employee role. Final contract terms — including scope, weekly hours, duration, and payment structure — will be determined based on the needs of the engagement and the selected contractor’s experience. This posting reflects Mozilla’s good\-faith budgeted range for the work at the time of posting.

  



Applicant Privacy Notice",Internet And Software,https://www.indeed.com/cmp/Mozilla-Corporation,https://d2q79iu7y748jz.cloudfront.net/s/_squarelogo/256x256/1412aa60dc7afed6465c7fe68461a548,https://www.mozilla.org,"Mountain View, California",,,The Mozilla Corporation (abbreviated MoCo) is a wholly owned subsidiary of the Mozilla Foundation.,,,,,,
in-de9a7c5bfb14e59e,indeed,https://www.indeed.com/viewjob?jk=de9a7c5bfb14e59e,https://job-boards.greenhouse.io/mozilla/jobs/7751919,Community Manager (Open-Source AI) New,Mozilla Corporation,"Remote, US",2026-03-25,contract,direct_data,yearly,128000.0,243500.0,USD,True,,,,,"**About the role**



Mozilla.org is a mission\-driven organization dedicated to keeping the internet open, accessible, and secure. Through a diverse portfolio of products, subsidiaries, and investments, Mozilla.org advances internet technologies, privacy\-first solutions, and responsible AI.



Mozilla is looking for a contract\-based Community Manager to help build and activate a global community of developers working on open source AI. This is a fixed\-term, project\-based engagement for someone who knows how to identify the right builders, bring them together in ways that are genuinely useful, and create the partnerships and programs that help a community take root and grow.



The work is not about managing a broad, standing corporate community function. It is about helping Mozilla stand up a specific body of community and ecosystem work in open source AI: events, hackathons, online engagement, partnership development, and community signal\-gathering that can inform Mozilla’s broader efforts in this space.



The contractor in this engagement will work closely with senior Mozilla leaders and cross\-functional collaborators to help shape community programs that are credible to developers and supported by the right external relationships.

  


**What you'll do — in brief**



Own the builder pipeline: the developers, tinkerers, and AI engineers who want to build on open AI infrastructure. You'll help them find each other, find Mozilla, and find reasons to stay engaged. But you'll also help build the external relationships — with companies, projects, and organizations across the ecosystem — that give those programs real weight and staying power.

  


**What you'll do — in detail**


*Events and in\-person community*


* Help design and run a program of in\-person events in cities where open AI builders are already gathering — not just the major hubs
* Work with ecosystem partners to co\-produce events that feel native to the communities they're in
* Own the logistics, the run\-of\-show, and the follow\-through that turns a one\-time event into a recurring thing
* Identify the right culminating moments — venues and formats that give the community a chance to show what it's built


*Partnerships and sponsorships*


* Identify and cultivate relationships with companies, projects, and organizations who want to build alongside the open AI community — not just sponsor a logo on a banner
* Develop and pitch partnership and sponsorship opportunities that are genuine fits: technical collaborators, ecosystem investors, and organizations with shared values
* Structure partnerships that create real value for builders — access to tools, compute, datasets, mentorship, or distribution — not just funding
* Help Mozilla become the kind of partner that other organizations want to work with: trusted, well\-networked, and worth the relationship


*Online community and ecosystem engagement*


* Be present in the online spaces where open\-source AI developers actually live: GitHub, Discord, Reddit, Hacker News, and wherever else the conversation is happening
* Build relationships with builders — not just follower counts
* Know who the respected people in the ecosystem are, and help Mozilla become someone they trust
* Surface what the community actually needs — the friction, the gaps, the things nobody's built yet — and feed that back into Mozilla's work


*Hackathons and builder programs*


* Help design and run hackathons focused on open AI infrastructure — from format to prizes to what happens after the event ends
* Work with internal teams and external partners to make programs feel genuinely useful to builders, not just promotional
* Think about what it means to build *with* the community, not just *for* it — and design programs accordingly
* Help turn one\-off events into a program with continuity, a clear identity, and the external support to sustain it


*Cross\-functional coordination*


* Work closely with the newsletter, social media, and communications team to make sure what's happening in the community shows up in Mozilla's public voice — and vice versa
* Help turn community moments into content: a great demo, a surprising deployment, a hard\-won lesson
* Be the connective tissue between the builders, the partners, and the rest of the CTO team's work

  


**Who you are**


* You've built or managed a technical community before — developer relations, open\-source, or something adjacent
* You know the difference between a community and an audience, and you've built the former
* You've worked with sponsors or partners before and know how to structure relationships that create real value on both sides — not just transactional ones
* You're comfortable with ambiguity and can operate in early\-stage programs where the playbook doesn't exist yet
* You understand how developers think, what they care about, and what makes them roll their eyes
* You're genuinely excited about open\-source AI — not as a trend, but as something worth fighting for
* You can hold two things at once: the community's trust, and the organizational relationships that make the programs possible


You might come from developer relations, open\-source community management, technical event production, or ecosystem partnership work. Titles matter less than instinct, range, and the ability to build things that outlast you.

  


**What success looks like**


* A growing, engaged community of developers building on open AI infrastructure — with Mozilla as the connective tissue
* A regular drumbeat of events, online and in\-person, that people actually show up to and come back to
* Partnerships and sponsorships that bring real resources and credibility to the program — and that partners are proud to be part of
* Relationships with builders, organizers, and ecosystem partners that give Mozilla real signal about what's working and what's broken in the open AI stack
* A community that becomes the first audience for Mozilla's research, tools, and public work on open source AI

  


**Engagement model**


* Fixed\-term contractor engagement
* Flexible, outcome\-oriented working model
* Scope centered on community\-building, program development, and ecosystem partnership deliverables
* This opportunity is project\-based and should not be read as a permanent employee role

  



Budget for this opportunity: **$128,000–$243,500 annualized equivalent**.

  



This is a fixed\-term contract opportunity, not a permanent employee role. Final contract terms — including scope, weekly hours, duration, and payment structure — will be determined based on the needs of the engagement and the selected contractor’s experience. This posting reflects Mozilla’s good\-faith budgeted range for the work at the time of posting.

  



Applicant Privacy Notice",Internet And Software,https://www.indeed.com/cmp/Mozilla-Corporation,https://d2q79iu7y748jz.cloudfront.net/s/_squarelogo/256x256/1412aa60dc7afed6465c7fe68461a548,https://www.mozilla.org,"Mountain View, California",,,The Mozilla Corporation (abbreviated MoCo) is a wholly owned subsidiary of the Mozilla Foundation.,,,,,,
in-780af4cea2098931,indeed,https://www.indeed.com/viewjob?jk=780af4cea2098931,https://premierinc.wd1.myworkdayjobs.com/en-US/External_Professional/job/Remote/Senior-Cloud-Engineer_R0008292-1,Senior Cloud Engineer,Premier Inc.,"Remote, US",2026-03-25,fulltime,direct_data,yearly,90000.0,150000.0,USD,True,,,,_accommodations@premierinc.com,"Senior Cloud Engineer **What you will be doing:**  

  

The Senior Cloud Engineer will design, implement, secure, and manage private and public cloud infrastructure. Collaborates with development leads and architects to ensure cloud\-native workloads are deployed according to IT best practices for security, governance, identity and access management, and monitoring. Collaborates with infrastructure leads and architects to ensure high levels of resilience (failover, workload balancing, backup \& recovery, disaster recovery, vulnerability management) in all cloud environments. Responsible for overall strategy for moving all applications to cloud\-native platforms. Integrates cloud compute environments with traditional data center services. Maintains a keen market awareness of cloud platform alternatives and differentiators to communicate a rationalized Cloud roadmap. Provides project leadership for requirements gathering design, planning, coordination, and implementation of releases, upgrades, or changes to the Premier computing environment. Serves as an escalation point for troubleshooting problems, and the rapid restoration of production service incidents. Leads project teams and works closely with internal and external customers and vendors to provide proposals and supporting analysis for operational improvement and ongoing project requirements. Possesses an enterprise view of the business environment and the business applications running on the systems being managed. Provides day\-to\-day guidance and coaching to cross\-functional team members, Engineers, Administrators and Associates  

  

* Cloud Networking
* Security and Governance
* Compute Stacks/Configuration Management
* Software Development and Deployment. CI/CD***. Terraform.***
* Utilization / Cost optimization of various resources within cloud platform
**Key Responsibilities**
Workload and Cost Optimization – 30%* Ensure all workloads are on the correct platform based on product revenue, criticality, performance profile, and cost
* Migrate workloads between platforms as needed
* Provide resource consumption reporting (for all public/private/cloud container platforms (by application) to TechOps and business teams on a monthly basis. Review and refine reporting for maximum impact
* Adapt self\-service and manual provisioning interfaces and processes to drive the provisioning of resources on the most business and cost appropriate platforms
* Establish processes to identify over\-provisioning of resources, automatically reclaim resources, and notify stakeholders
* Implement controls that ensure individual workload consumption is either approved by business stakeholders or constrained by compute pool resource limits
* Support efforts to establish “show back” of all costs associated with internal and external cloud and container platforms
**DevOps Integration \& Technology Assessment – 20%*** Partner with development team leads and team members to support velocity in continuous integration and delivery process
* Maintain awareness of and proficiency in development team CI/CD processes and tools
* Ensure software development pipeline, testing, code repository, and issue tracking systems integrate well with cloud and container platform services
* Work with Development iteration teams in an agile environment including but not limited to attending/stand ups, product meetings and involvement with sprint tasks
* Identify applications on traditional infrastructure that could be re\-expressed in cloud environments and develop priorities for migration based on level of effort and cost benefit
* Play a key role in the technical deployment for new application initiatives, beginning at the business requirements stage, to determine and deliver technical components necessary to build and deploy the new application
* Ensures technical and architectural requirements are incorporated appropriately within new system initiatives
* Play a key role in technology evaluation, selection, integration and implementation of new systems architectures, tools and techniques
* Review and analyzes vendor\-supplied utilities, software packages and engineering releases for the environment
* Attend vendor conferences and presentations to maintain current and develop new business relevant skills

**Administration and Support – 20%*** Provide hands\-on support for private/public cloud and container\-based platforms. Provide 24 hour on call support for incident management and service restoration on a rotational basis
* Ensure platform availability with proper monitoring of key events and alerting to appropriate service owners for conditions that can result in degradation or downtime of services
* Provision workloads on appropriate compute platforms
* Assist development teams with self\-service and API call challenges
* Review incident trends and proactively register problems. Plan and implement changes to address risks and inefficiencies
* Establish standards, document change procedures, coordinate planned maintenance, and communicate impacts to stakeholders
* Trains others in proper procedures for handling issues. Teach and train automation skills utilizing via shell scripts and scheduling tools
* Maintain and update relevant components of the IT disaster recovery plan. Performs recovery testing as part of an overall disaster recovery planning process
* Ensures all application and data components can be recovered according to backup retention policies
* Develop a baseline understanding of system and component performance and resource utilization trends. Use this information to project growth requirements and plan for future capacity requirements
* Develop and maintain as\-built documentation, network drawings, network configurations and operating procedures

**Cloud Security – 15%*** Continuously seek new means and methods to improve the security posture of all cloud and container environments
* Partner with security team to document current methods and explore new means to perform vulnerability assessment (VA) in cloud environments
* Regularly review all “build” templates to ensure current patch levels, minimum services enabled, and acceptable VA scan results
* Ensure all workloads have network isolation from each other through segmentation methods approved by the Network Manager and Security Operations VP
* Ensure the Network and Security teams have all possible visibility to network traffic and “net flow” data in cloud \& container environments
* Drive continuous improvement in patch management processes and vulnerability management policy
* Implement role\-based access privileges in each platform that ensure user roles have the least possible access needed to perform their business function
* Validate access requests with appropriate managers and optimize group membership\-based access methods

**Relationship Management – 15%*** Work with service providers to maintain current implementations of hardware, software, and services to ensure maximum value, performance, and availability
* Identify risks and gaps across the technology stack and escalate them into vendor governance as needed
* Document, develops and maintains effective working relations with users, vendors, and other department personnel

 **Required Qualifications**
Work Experience:
Years of Applicable Experience \- 4 or more years
Education:
High School Diploma or GED (Required) **Preferred Qualifications**
Skills:* Compute stacks, scripting, automation, and orchestration
* Configuration management, cloud networking, security
* DevOps, governance, financial analysis, Data analytics and ETL tools on cloud


Experience:* Application Delivery concepts via cloud\-native traditional infrastructure platforms and ability to apply them to solve problems and provide solutions
* Experience with supporting hybrid cloud environments, deploying cloud direct connect communication links and minimizing egress costs


Education:* CCNA/CCNP; Google Certified Professional Cloud Architect, AWS Certified Solutions Architect\-Associate, AWS Certified
* SysOps Administrator, AWS Certified Developer – Associate, Microsoft Azure Fundamentals, Administrator or Associate
* Solutions Architect
* Bachelor’s Degree from an accredited university

  

Additional Job Requirements:* Remain in a stationary position for prolonged periods of time
* Be adaptive and change priorities quickly; meet deadlines
* Attention to detail
* Operate computer programs and software
* Ability to communicate effectively with audiences in person and in electronic formats.
* Day\-to\-day contact with others (co\-workers and/or the public)
* Making independent decisions
* Ability to work in a collaborative business environment in close quarters with peers and varying interruptions

  


Working Conditions: Remote  


Travel Requirements: Travel 1\-20% within the US  


Physical Demands: Sedentary: Exerting up to 10 pounds of force occasionally, and/or a negligible amount of force frequently or constantly to lift, carry, push, pull or otherwise move objects, including the human body. Sedentary work involves remaining stationary most of the time. Jobs are sedentary if movement is required only occasionally, and all other sedentary criteria are met.  


Premier’s compensation philosophy is to ensure that compensation is reasonable, equitable, and competitive in order to attract and retain talented and highly skilled employees. Premier’s internal salary range for this role is $90,000 \- $150,000\. Final salary is dependent upon several market factors including, but not limited to, departmental budgets, internal equity, education, unique skills/experience, and geographic location. Premier utilizes a wide\-range salary structure to allow base salary flexibility within our ranges.  

Employees also receive access to the following benefits:* Health, dental, vision, life and disability insurance
* 401k retirement program
* Paid time off
* Participation in Premier’s employee incentive plans
* Tuition reimbursement and professional development opportunities

**Premier at a glance:*** Ranked \#1 on Charlotte’s Healthiest Employers list for 2019, 2020, 2022, and 2023 and 21st Healthiest Employer in America (2023\)
* Named one of the World’s Most Ethical Companies® by Ethisphere® Institute for the 16th year in a row
* Modern Healthcare Best in Business Awards: Consultant \- Healthcare Management (2024\)
* The only company to be recognized by KLAS twice for Overall Healthcare Management Consulting


For a listing of all of our awards, please visit the Awards and Recognition section on our company website.**Employees receive:*** Perks and discounts
* Access to on\-site and online exercise classes


Premier is looking for smart, agile individuals like you to help us transform the healthcare industry. Here you will find critical thinkers who have the freedom to make an impact. Colleagues who share your thirst to learn more and do things better. Teammates committed to improving the health of a nation. See why incredible challenges require incredible people.  

Premier is an equal opportunity employer. Qualified applicants will receive consideration for employment without regard to unlawful discrimination because of their age, race, color, religion, national origin, ancestry, citizenship status, sex, sexual orientation, gender identity, gender expression, marital status, familial status, pregnancy status, genetic information, status as a victim of domestic violence, covered military or protected veteran status (e.g., status as a Vietnam Era veteran, disabled veteran, special disabled veteran, Armed Forces Serviced Medal veteran, recently separated veteran, or other protected veteran) disability, or any other applicable federal, state or local protected class, trait or status or that of persons with whom an applicant associates. We also consider qualified applicants with criminal histories, consistent with applicable federal, state and local law. In addition, as a federal contractor, Premier complies with government regulations, including affirmative action responsibilities, where they apply. EEO / AA / Disabled / Protected Veteran Employer.  

  

Premier also provides reasonable accommodations to qualified individuals with a disability or those who have a sincerely held religious belief. If you need assistance in the application process, please reply to diversity\_and\_accommodations@premierinc.com or contact Premier Recruiting at 704\.816\.5200\.  

  

Information collected and processed as part of any job application you choose to submit to Premier is subject to Premier’s Privacy Policy.",Health Care,https://www.indeed.com/cmp/Premier-Inc.-4,https://d2q79iu7y748jz.cloudfront.net/s/_squarelogo/256x256/a13ae7b18198e828ee4f401fd9befd0a,http://www.premierinc.com,"13034 Ballantyne Corporate Pl.
Charlotte, NC 28277","1,001 to 5,000",$1B to $5B (USD),"Keeping health systems healthy for over 30 years. From reducing costs to providing unmatched clinical insight, Premier helps health systems focus on what they do best. Heal First™.",,,,,,
in-e3776ef7525ea46f,indeed,https://www.indeed.com/viewjob?jk=e3776ef7525ea46f,https://henryschein.wd1.myworkdayjobs.com/nl-NL/External_Careers/job/United-States---Remote/Product-Owner_R133155,Product Owner,Henry Schein,"Remote, US",2026-03-24,fulltime,direct_data,yearly,99622.0,155660.0,USD,True,,,,,"**JOB OVERVIEW:**

This position involves working closely with cross\-functional teams to create an engaging and seamless shopping experience for our customers. The Product Owner’s insights will drive product decisions in prioritizing features, gathering feedback, and collaborating with designers and developers to bring your vision to life. The position will leverage market research, user feedback, and analytics to make informed decisions that enhance the online shopping and account management experience. As we evolve our eCommerce platform, this is a key role in setting the strategy and direction that ultimately leads to increased customer satisfaction and conversion rates.


**KEY RESPONSIBILITIES:**

* Work with Senior level product managers to help define and prioritize product features and enhancements that enhance the eCommerce shopping journey.
* Collaborate with UX/UI designers to ensure an intuitive and delightful customer experience.
* Gather and analyze user feedback to inform product decisions and strategy
* Work with engineering teams to ensure timely delivery of product improvements and features.
* Develop and maintain a product roadmap in alignment with business objectives and customer needs.
* Monitor key performance indicators (KPIs) to measure success and identify areas for improvement.
* Conduct market research to stay ahead of industry trends and understand competitive landscape.

**SPECIFIC KNOWLEDGE \& SKILLS:**

* Excellent communication and collaboration skills with diverse teams
* Ability to prioritize tasks and manage multiple projects in a fast\-paced environment.
* Familiarity with Agile methodologies and tools
* Experience with data analytics to inform product decisions
* A customer\-centric mindset with a passion for creating exceptional experiences.
* Backlog grooming: Maintain and prioritize the product backlog.
* Collaborate with other product owners on team.
* Time management: Balance short\-term delivery with long\-term strategy.
* Familiarity with product management tools (e.g., Jira, Confluence, Notion, Trello).
* Familiarity with A/B testing tools (e.g. Optimizely, Crazy Egg) a plus.

**GENERAL SKILLS \& COMPETENCIES:**

* Excellent understanding of industry practices
* Strong proficiency with tools, systems, and procedures
* Excellent planning/organizational skills and techniques
* Excellent independent decision making, analysis and problem\-solving skills
* Outstanding verbal and written communication skills
* Excellent presentation and public speaking skills
* Excellent interpersonal skills
* Excellent conflict resolution skills and ability to deliver difficult messages
* Ability to build partnerships at all levels within the company
* Good negotiating skills
* Resolve complex issues in effective ways
* Project management, consultative skills and ability to manage a budget
* Specialist in multiple technical and/or business skills
* Ability to cultivate and develop lasting internal and external customer relations

**MINIMUM WORK EXPERIENCE:**

Typically 8 or more years of increasing responsibility and complexity in terms of any applicable professional experience including proven experience in product owner or a similar role in a digital environment.


**PREFERRED EDUCATION:**

Typically a Bachelor's Degree Business, Marketing, Product Management, or global equivalent in a related discipline. May hold two or more industry certifications.


**TRAVEL / PHYSICAL DEMANDS:**

Travel typically less than 10%. Office environment. No special physical demands required.


The posted range for this position is $99,622 to $155,660 which is the expected starting base salary range for an employee who is new to the role to fully proficient in the role. Many factors go into determining employee pay within the posted range including prior experience, current skills, location/labor market, internal equity, etc.


This position is eligible for a bonus not reflected in the posted range.


Other benefits available include: Medical, Dental and Vision Coverage, 401K Plan with Company Match, PTO \[or sick leave if applicable], Paid Parental Leave, Income Protection, Work Life Assistance Program, Flexible Spending Accounts, Educational Benefits, Worldwide Scholarship Program and Volunteer Opportunities.


Henry Schein, Inc. is an Equal Employment Opportunity Employer and does not discriminate against applicants or employees on the basis of race, color, religion, creed, national origin, ancestry, disability that can be reasonably accommodated without undue hardship, sex, sexual orientation, gender identity, age, citizenship, marital or veteran status, or any other legally protected status.


For more information about career opportunities at Henry Schein, please visit our website at: www.henryschein.com/careers


**Fraud Alert**

*Henry Schein has recently been made aware of multiple scams where unauthorized individuals are using Henry Schein's name and logo to solicit potential job seekers for employment.*

*Please be advised that Henry Schein's official U.S. website is* *www.henryschein.com* *. Any other format is not genuine. Any jobs posted by Henry Schein or its recruiters on the internet may be accessed through Henry Schein's on\-line ""career opportunities"" portal through this official website. Applicants who wish to seek employment with Henry Schein are advised to verify the job posting through this portal.*

*No money transfers, payments of any kind, or credit card numbers, will EVER be requested from applicants by Henry Schein or any recruiters on its behalf, at any point in the recruitment process.*",,https://www.indeed.com/cmp/Henry-Schein,https://d2q79iu7y748jz.cloudfront.net/s/_squarelogo/256x256/60b29bb59226e422b8547771d35292c3,http://www.henryschein.com,"Melville, NY","10,000+",more than $10B (USD),"For more information, visit Henry Schein at www.henryschein.com, Facebook.com/HenrySchein, Instagram.com/HenrySchein, and x.com/HenrySchein.",,,,,,
in-5f5adb00bc801c81,indeed,https://www.indeed.com/viewjob?jk=5f5adb00bc801c81,https://jobs.twilio.com/careers/job/1099552646546?domain=twilio.com,Sales Support Specialist,Twilio,"Remote, US",2026-03-23,,,,,,,True,,,,,"**Who we are**



At Twilio, we’re shaping the future of communications, all from the comfort of our homes. We deliver innovative solutions to hundreds of thousands of businesses and empower millions of developers worldwide to craft personalized customer experiences.



Our dedication to remote\-first work, and strong culture of connection and global inclusion means that no matter your location, you’re part of a vibrant team with diverse experiences making a global impact each day. As we continue to revolutionize how the world interacts, we’re acquiring new skills and experiences that make work feel truly rewarding. Your career at Twilio is in your hands.  

  

We use Artificial Intelligence (AI) to help make our hiring process efficient. That said, every hiring decision is made by real Twilions!



.

**See yourself at Twilio**



Join the team as Twilio’s next Sales Support Specialist.


**About the job**



Twilio is looking for a Sales Support Specialist to join the Communications Strategic Sales team. We’re looking for a hungry and ambitious individual who has a passion for communications, desire to deliver positive customer outcomes, and wanting to be a part of a world\-class sales organization. The Sales Support Specialist will primarily be focused on operational aspects in support of an AE. This individual is ‘the glue’ between many different functions within the organization, assisting Account Executives with numerous activities and processes along the entire sales cycle.


**Responsibilities**



In this role, you’ll:


* Assist with Pricing and Deal workflows
* + Prepare Pricing and Deal Structure, use and master internal pricing tools
	+ Order Form: Creation, amendments, and execution (signatures): Engage with client stakeholders to ensure Proposal Bill Of Materials (OFs) are correct
	+ Quote creation: CPQ workflows, including converting CPQ into a customer\-facing quote/doc
* Oversee and maintain CRM records
* + Account Data/Ownership queries: Account consolidation, SID movements
	+ Updating account, opportunity, contact, and lead level data
* Be an Internal liaison:
* + For creating and submitting requests and following up through resolution on them, including but not limited to: Billing, DSO, Legal, Security Questionnaire, Collections/Credit Memos/Credit Check, Carrier Relations, Support Tix
	+ Work with internal stakeholders to ensure all aspects throughout the sales process are smooth (Deal Desk, Contracts, Legal, Pre\-Sales, Security requests) and to ensure all paperwork are completed and represented accurately. You will deal with people, data sets and processes.
* Provide Customer support:
* + Willingness and ability to hop on customer calls along with an AE to:
	+ Explain and present on aspects related to above
	+ Preparation for sales meetings and conducting AE research (\<10% of time)
* Supporting Team Success:
* + Creation and maintenance of team\-level tracker for all cross\-functional challenges and asks and actively working with Regional Leader and frontline leadership to follow up and resolve them

**Qualifications**



Twilio values diverse experiences from all kinds of industries, and we encourage everyone who meets the required qualifications to apply. If your career is just starting or hasn't followed a traditional path, don't let that stop you from considering Twilio. We are always looking for people who will bring something new to the table!


* **Required:**


* 2\+ years of sales, customer success, or account management experience
* Results driven, detail oriented, and dedicated individual who is excited for the opportunity fuel an already successful organization and sales team.
* You have a collaborative approach, a “can do” attitude and are relentless in pursuing goals and solving problems.
* Basic understanding of how different functions within an enterprise organization operate (enterprise\-level understanding of how a biz operates)
* Ability to advocate for customer internally with cross\-functional stakeholders
* Extreme attention to detail on written and verbal communications
* Extremely organized and above average proficiency and operational excellence in spreadsheets, doc and presentation creation
* Ability to prioritize and multi\-task
* Bachelor's Degree or equivalent years of experience required.


**Desired:**


* Knowledge in CPaaS and telecom is a plus


**Location**



This role will be remote, and based in Singapore.


**What We Offer**



Working at Twilio offers many benefits, including competitive pay, generous time off, ample parental and wellness leave, healthcare, a retirement savings program, and much more. Offerings vary by location.

**Twilio thinks big. Do you?**



We like to solve problems, take initiative, pitch in when needed, and are always up for trying new things. That's why we seek out colleagues who embody our values — something we call Twilio Magic. Additionally, we empower employees to build positive change in their communities by supporting their volunteering and donation efforts.



So, if you're ready to unleash your full potential, do your best work, and be the best version of yourself, apply now! If this role isn't what you're looking for, please consider other open positions.


**Twilio is proud to be an equal opportunity employer.** We do not discriminate based upon race, religion, color, national origin, sex (including pregnancy, childbirth, reproductive health decisions, or related medical conditions), sexual orientation, gender identity, gender expression, age, status as a protected veteran, status as an individual with a disability, genetic information, political views or activity, or other applicable legally protected characteristics. We also consider qualified applicants with criminal histories, consistent with applicable federal, state and local law. Qualified applicants with arrest or conviction records will be considered for employment in accordance with the Los Angeles County Fair Chance Ordinance for Employers and the California Fair Chance Act. Additionally, Twilio participates in the E\-Verify program in certain locations, as required by law.",Internet And Software,https://www.indeed.com/cmp/Twilio,https://d2q79iu7y748jz.cloudfront.net/s/_squarelogo/256x256/308e9e339069dfe1233303345fd6514f,http://www.twilio.com,"101 Spear Street 5th floor, San Francisco, CA, 94105","5,001 to 10,000",$1B to $5B (USD),Twilio’s mission is to unlock the imagination of builders.,,,,,,
in-2ab4da0f1942831b,indeed,https://www.indeed.com/viewjob?jk=2ab4da0f1942831b,https://jobs.twilio.com/careers/job/1099552656335?domain=twilio.com,Public Relations & Social Media Intern,Twilio,"Remote, US",2026-03-23,internship,direct_data,hourly,24.0,29.0,USD,True,,,,,"**Who we are**



At Twilio, we’re shaping the future of communications, all from the comfort of our homes. We deliver innovative solutions to hundreds of thousands of businesses and empower millions of developers worldwide to craft personalized customer experiences.



Our dedication to remote\-first work, and strong culture of connection and global inclusion means that no matter your location, you’re part of a vibrant team with diverse experiences making a global impact each day. As we continue to revolutionize how the world interacts, we’re acquiring new skills and experiences that make work feel truly rewarding. Your career at Twilio is in your hands.  

  

We use Artificial Intelligence (AI) to help make our hiring process efficient. That said, every hiring decision is made by real Twilions!



.

**See yourself at Twilio**



Join the team as Twilio’s next Public Relations Intern!


**About the Role**



Twilio is looking for a Public Relations and Social Media Intern to join our Global Corporate Communications team. This isn’t just about monitoring feeds—it’s a high\-impact role where you’ll dive headfirst into corporate storytelling, media relations, and social media strategy. You will be part of the team helping to craft Twilio's narrative and share how our technology is powering the future of customer engagement. If you’re a sharp writer who knows how to spot a trend and turn technical concepts into relatable news, we want to hear from you.



What You’ll Gain


* **Professional Growth:** Real\-world experience in a global communications department at a leading technology company.
* **Strategic Storytelling:** Gain experience translating complex technical innovation into compelling narratives for global audiences.
* **Mentorship:** Direct reporting line to the Global Communications team with a focus on your professional development and networking.


**Responsibilities**


* **Media Relations \& Content Support**
	+ Monitor daily news coverage to help identify new stories; daily social listening to help Twilio’s corporate channels jump on to social trends or enter into the conversation.
	+ Draft press releases, plans, social media posts, blog posts, and briefing documents that translate complex technical concepts into engaging stories for reporters and the public.
* **Strategy \& Research**
	+ Research key reporters and publications across tech, business, and vertical trade media to identify new opportunities for engagement.
	+ Assist in identifying and applying for industry awards and speaking opportunities that elevate Twilio’s executive profiles and brand authority.
* **Operations \& Global Coordination**
	+ Assist in scheduling social media posts across corporate channels, monitoring community sentiment/engagement, and tracking performance metrics for social campaigns.
	+ Assist with administrative tasks including scheduling team meetings, and organizing assets and files.
	+ Help maintain internal PR databases, track project timelines, and assist with tracking coverage.
	+ Support the coordination of PR and social media activities with the broader Marketing org to ensure a consistent global message.

**Qualifications**



Twilio values diverse experiences from all kinds of industries, and we encourage everyone who meets the required qualifications to apply. If your career is just starting or hasn't followed a traditional path, don't let that stop you from considering Twilio. We are always looking for people who will bring something new to the table!


**Required**


* Currently pursuing or completed a Bachelor's or Master’s degree in marketing, communications or related field
* Interest in Public Relations/ Corporate Communications
* Interest in the tech industry, specifically B2B companies
* Exceptional written and verbal communication skills
* Ability to multitask and thrive in a fast\-paced environment
* Strong research, critical\-thinking, and organization skills
* Passion for technology and how it solves real\-world problems
* Strong desire to contribute to a collaborative team atmosphere, dive in where needed, and learn new skills


**Desired**


* Familiarity with PR and social media tools (e.g., Muck Rack, Meltwater, Sprout)
* Previous experience working with a collaborative team


**Location**



This role will be remote,but is not eligible to be hired in CA, CT, NJ, NY, PA, WA.


**What We Offer**



Working at Twilio offers many benefits, including competitive pay, generous time off, ample parental and wellness leave, healthcare, a retirement savings program, and much more. Offerings vary by location.


**Compensation**


* *Please note the salary range information provided applies only to candidates residing in California, Colorado, Hawaii, Illinois, Maryland, Massachusetts, Minnesota, New Jersey, New York, Vermont, Washington D.C., and Washington State due to local requirements. Compensation for candidates in other locations will be discussed during the hiring process. Please note that hiring for this role is not restricted to the locations listed above.*



The estimated pay ranges for this role are as follows:


* Based in Colorado, Hawaii, Illinois, Maryland, Massachusetts, Minnesota, Vermont or Washington D.C.: $24\.00/hour
* Based in New York, New Jersey, Washington State, or California (outside of the San Francisco Bay area): $26\.00/hour
* Based in the San Francisco Bay area, California: $29\.00/hour


The successful candidate’s starting salary will be determined based on permissible, non\-discriminatory factors such as skills, experience, and geographic location.



Applications for this role are intended to be accepted until April 1st, but may change based on business needs.

**Twilio thinks big. Do you?**



We like to solve problems, take initiative, pitch in when needed, and are always up for trying new things. That's why we seek out colleagues who embody our values — something we call Twilio Magic. Additionally, we empower employees to build positive change in their communities by supporting their volunteering and donation efforts.



So, if you're ready to unleash your full potential, do your best work, and be the best version of yourself, apply now! If this role isn't what you're looking for, please consider other open positions.


**Twilio is proud to be an equal opportunity employer.** We do not discriminate based upon race, religion, color, national origin, sex (including pregnancy, childbirth, reproductive health decisions, or related medical conditions), sexual orientation, gender identity, gender expression, age, status as a protected veteran, status as an individual with a disability, genetic information, political views or activity, or other applicable legally protected characteristics. We also consider qualified applicants with criminal histories, consistent with applicable federal, state and local law. Qualified applicants with arrest or conviction records will be considered for employment in accordance with the Los Angeles County Fair Chance Ordinance for Employers and the California Fair Chance Act. Additionally, Twilio participates in the E\-Verify program in certain locations, as required by law.",Internet And Software,https://www.indeed.com/cmp/Twilio,https://d2q79iu7y748jz.cloudfront.net/s/_squarelogo/256x256/308e9e339069dfe1233303345fd6514f,http://www.twilio.com,"101 Spear Street 5th floor, San Francisco, CA, 94105","5,001 to 10,000",$1B to $5B (USD),Twilio’s mission is to unlock the imagination of builders.,,,,,,
in-cb785e12f155bab6,indeed,https://www.indeed.com/viewjob?jk=cb785e12f155bab6,https://jobs.twilio.com/careers/job/1099552335549?domain=twilio.com,Senior Strategic Account Executive,Twilio,"Remote, US",2026-03-06,,direct_data,yearly,158632.0,220320.0,USD,True,,,,,"**Who we are**



At Twilio, we’re shaping the future of communications, all from the comfort of our homes. We deliver innovative solutions to hundreds of thousands of businesses and empower millions of developers worldwide to craft personalized customer experiences.



Our dedication to remote\-first work, and strong culture of connection and global inclusion means that no matter your location, you’re part of a vibrant team with diverse experiences making a global impact each day. As we continue to revolutionize how the world interacts, we’re acquiring new skills and experiences that make work feel truly rewarding. Your career at Twilio is in your hands.  

  

We use Artificial Intelligence (AI) to help make our hiring process efficient. That said, every hiring decision is made by real Twilions!



.

**See yourself at Twilio**



Join the team as Twilio’s next Regulated Verticals Senior Strategic Account Executive!


**About the job**



This position is needed to lead prospecting, solution selling and closing new business opportunities across our Messaging, Voice and Email products. In this role, you will be directly responsible for expanding our messaging business with some of the largest and fastest growing mid\-market and enterprise companies, spanning industries. New Business Account Executives are experts in the CPaaS ecosystem and Twilio’s product offerings. This role is highly cross functional, with deep integration with product management, carrier relations, finance, and solutions engineering teams.


**Responsibilities**



In this role, you’ll:


* Drive new customer acquisition, while being assigned a quota for iACV (incremental Account Contract Value)
* Own highly analytical and consultative sales cycles to win business in competitive vendor sourcing cycles with Twilio’s messaging (e.g. SMS, MMS, WhatsApp, Facebook Messenger, Google Business Messages, Account Security, etc.), voice and email solutions.
* Work with customers across assigned verticals to understand their business and technical requirements, and match them to the capabilities of Twilio’s communications API platform, designing a solution for their specific use cases.
* Work with teams in Finance, Legal, Pricing, and Operations to design mutually beneficial contracts to address customer requirements, while balancing the needs of our business.
* Be passionate about what you do, think outside the box, and use world\-class interpersonal and communication skills to present complex contractual, technical, and financial details to prospects in a way that builds confidence and comfort in the proposed solution.
* Balance competing priorities and manage multiple projects and deals at the same time.
* Partner cross functionally with sales, services, product, and finance to develop long range territory strategies and sales plans.
* Act as the voice of the customer to Twilio’s product and carrier relations teams.
* Demonstrate a strong understanding of the CPaaS industry \- staying up to date on key industry initiatives and new capabilities \- on behalf of your customers and the wider Twilio go\-to\-market organization.
* Generate and maintain an accurate pipeline and forecast utilizing our CRM, Salesforce.
* Stay current with industry changes and collaborate with your team and peers to learn and share best practices.


**Qualifications**



Twilio values diverse experiences from all kinds of industries, and we encourage everyone who meets the required qualifications to apply. If your career is just starting or hasn't followed a traditional path, don't let that stop you from considering Twilio. We are always looking for people who will bring something new to the table!


* **Required:**


* Possess a total of 10 years of full cycle sales experience, with a minimum of 3 years managing or leading quantitative highly analytical products or solutions for their customers.
* Directly selling technical SaaS or CPaaS
* Experience outbound prospecting into install base, greenfield prospecting into new accounts, and executing strong QBR strategy for territory penetration
* Technical solutions selling experience working with real customers, listening to them, and solving problems
* Comfortable working with business and highly technical leaders, while influencing their understanding and building supportive partnerships
* Analytical account development strategy based on using data to find opportunities and prove value
* Demonstrated track record of managing business forecasts and financial models
* Entrepreneurial mindset with appetite to define process and build programs
* Record of delivering market driven results, especially to scale and enterprise customers
* Excellent verbal and written communication skills (English)
* Bachelor’s Degree or equivalent years of experience


**Desired:**


* Deep experience working with telecom companies, including CPAAS, SMS aggregators, carriers, or global communications platforms.
* Domain expertise from a highly quantitative industry such as DevOps, Fintech, advertising optimization, investment banking, security or commodity trading especially in non\-standard segments.
* Software, SaaS, CPaas or PaaS selling experience.


**Location**



* This role will be remote and based in the United States.



**Travel**



We prioritize connection and opportunities to build relationships with our customers and each other. For this role, approximately 30% travel is anticipated to help you connect in\-person in a meaningful way.


**What We Offer**



Working at Twilio offers many benefits, including competitive pay, generous time off, ample parental and wellness leave, healthcare, a retirement savings program, and much more. Offerings vary by location.


**Compensation**


* *Please note this role is open to candidates outside of California, Colorado, Hawaii, Illinois, Maryland, Massachusetts, Minnesota, New Jersey, New York, Vermont, Washington D.C., and Washington State. The information below is provided for candidates hired in those locations only.*



The estimated pay ranges for this role are as follows:


* Based in Colorado, Hawaii, Minnesota or Vermont : $158,632\.00 \- $198,290\.00\.
* Based in Washington D.C., Illinois, Maryland, Massachusetts or California (outside of the San Francisco Bay Area): $167,440\.00 \- $209,300\.00\.
* Based in New York, New Jersey, Washington State, or the San Francisco Bay area, California: $176,256\.00 \- $220,320\.00\.
* This role may be eligible to participate in Twilio’s equity plan. All roles are generally eligible for the following benefits: health care insurance, 401(k) retirement account, paid sick time, paid personal time off, paid parental leave.
* This role is eligible to earn commissions.


The successful candidate’s starting salary will be determined based on permissible, non\-discriminatory factors such as skills, experience, and geographic location.



Applications for this role are intended to be accepted until March 31, 2026, but may change based on business needs.

**Twilio thinks big. Do you?**



We like to solve problems, take initiative, pitch in when needed, and are always up for trying new things. That's why we seek out colleagues who embody our values — something we call Twilio Magic. Additionally, we empower employees to build positive change in their communities by supporting their volunteering and donation efforts.



So, if you're ready to unleash your full potential, do your best work, and be the best version of yourself, apply now! If this role isn't what you're looking for, please consider other open positions.


**Twilio is proud to be an equal opportunity employer.** We do not discriminate based upon race, religion, color, national origin, sex (including pregnancy, childbirth, reproductive health decisions, or related medical conditions), sexual orientation, gender identity, gender expression, age, status as a protected veteran, status as an individual with a disability, genetic information, political views or activity, or other applicable legally protected characteristics. We also consider qualified applicants with criminal histories, consistent with applicable federal, state and local law. Qualified applicants with arrest or conviction records will be considered for employment in accordance with the Los Angeles County Fair Chance Ordinance for Employers and the California Fair Chance Act. Additionally, Twilio participates in the E\-Verify program in certain locations, as required by law.",Internet And Software,https://www.indeed.com/cmp/Twilio,https://d2q79iu7y748jz.cloudfront.net/s/_squarelogo/256x256/308e9e339069dfe1233303345fd6514f,http://www.twilio.com,"101 Spear Street 5th floor, San Francisco, CA, 94105","5,001 to 10,000",$1B to $5B (USD),Twilio’s mission is to unlock the imagination of builders.,,,,,,
li-4391585083,linkedin,https://www.linkedin.com/jobs/view/4391585083,,Developer,Onramp Lab,"California, United States",2026-03-26,,,,,,,False,,,,,,,https://tw.linkedin.com/company/onramp-lab,,,,,,,,,,,,
li-4391583125,linkedin,https://www.linkedin.com/jobs/view/4391583125,,Developer,Onramp Lab,"South Carolina, United States",2026-03-26,,,,,,,False,,,,,,,https://tw.linkedin.com/company/onramp-lab,,,,,,,,,,,,
li-4257559941,linkedin,https://www.linkedin.com/jobs/view/4257559941,,"Developer Relations Engineer, Tools",Tenstorrent,,2026-03-26,,,,,,,False,,,,,,,https://ca.linkedin.com/company/tenstorrent-inc.,,,,,,,,,,,,
li-4387709914,linkedin,https://www.linkedin.com/jobs/view/4387709914,,Public Relations Associate,IXL Learning,,2026-03-26,,,,,,,False,,,,,,,https://www.linkedin.com/company/ixl-learning,,,,,,,,,,,,
li-4390672313,linkedin,https://www.linkedin.com/jobs/view/4390672313,,"Community Manager, Developer Marketing",NVIDIA,"California, United States",2026-03-26,,,,,,,False,,,,,,,https://www.linkedin.com/company/nvidia,,,,,,,,,,,,
li-4390877651,linkedin,https://www.linkedin.com/jobs/view/4390877651,,Palantir Developer,CloudHive,,2026-03-26,,,,,,,False,,,,,,,https://www.linkedin.com/company/cloudhive-snowflake,,,,,,,,,,,,
li-4378924392,linkedin,https://www.linkedin.com/jobs/view/4378924392,,Application Developer,Twine,,2026-03-26,,,,,,,False,,,,,,,https://uk.linkedin.com/company/twine-net,,,,,,,,,,,,
li-4390663838,linkedin,https://www.linkedin.com/jobs/view/4390663838,,"Community Manager, Developer Marketing",NVIDIA,"Texas, United States",2026-03-26,,,,,,,False,,,,,,,https://www.linkedin.com/company/nvidia,,,,,,,,,,,,
li-4380729677,linkedin,https://www.linkedin.com/jobs/view/4380729677,,Developer Relations Manager - Omniverse,NVIDIA,"California, United States",2026-03-25,,,,,,,False,,,,,,,https://www.linkedin.com/company/nvidia,,,,,,,,,,,,
li-4390338475,linkedin,https://www.linkedin.com/jobs/view/4390338475,,Developer Relations Lead,Pluralis Research,"California, United States",2026-03-25,,,,,,,False,,,,,,,https://www.linkedin.com/company/pluralis-research,,,,,,,,,,,,
li-4390600615,linkedin,https://www.linkedin.com/jobs/view/4390600615,,Palantir Developer,Cognizant,,2026-03-25,,,,,,,False,,,,,,,https://www.linkedin.com/company/cognizant,,,,,,,,,,,,
li-4377419757,linkedin,https://www.linkedin.com/jobs/view/4377419757,,"Senior Developer Relations Manager, Capital Markets",NVIDIA,"New York, United States",2026-03-25,,,,,,,False,,,,,,,https://www.linkedin.com/company/nvidia,,,,,,,,,,,,
li-4388814872,linkedin,https://www.linkedin.com/jobs/view/4388814872,,Application Developer,Educology Solutions,"Washington, DC",2026-03-24,,,,,,,False,,,,,,,https://www.linkedin.com/company/educologysolutions,,,,,,,,,,,,
li-4390925372,linkedin,https://www.linkedin.com/jobs/view/4390925372,,Developer Relations Engineer,Jobgether,,,,,,,,,False,,,,,,,https://be.linkedin.com/company/jobgether,,,,,,,,,,,,
li-4390921438,linkedin,https://www.linkedin.com/jobs/view/4390921438,,Developer Relations Engineer,Jobgether,"Israel, OH",,,,,,,,False,,,,,,,https://be.linkedin.com/company/jobgether,,,,,,,,,,,,
li-4391523031,linkedin,https://www.linkedin.com/jobs/view/4391523031,,Developer Relations Engineer,TRON DAO,,,,,,,,,False,,,,,,,https://www.linkedin.com/company/trondao,,,,,,,,,,,,
li-4390993687,linkedin,https://www.linkedin.com/jobs/view/4390993687,,Sponsorships & Partnerships Lead (AI Research & Games),Ploutos AI,"Newport Beach, CA",,,,,,,,False,,,,,,,https://www.linkedin.com/company/ploutos-ai,,,,,,,,,,,,
li-4390972277,linkedin,https://www.linkedin.com/jobs/view/4390972277,,SENIOR DEVELOPER — GLOBAL MARKETS PLATFORM,Stock Traders Daily,,,,,,,,,False,,,,,,,https://www.linkedin.com/company/stock-traders-daily,,,,,,,,,,,,
li-4391500216,linkedin,https://www.linkedin.com/jobs/view/4391500216,,Senior Backend Developer (Delivery),Aiphoria,"Georgia, United States",,,,,,,,False,,,,,,,https://cy.linkedin.com/company/acclaim-ai-cx,,,,,,,,,,,,
li-4391397358,linkedin,https://www.linkedin.com/jobs/view/4391397358,,Senior Backend Developer (Delivery),Aiphoria,"Raleigh, NC",,,,,,,,False,,,,,,,https://cy.linkedin.com/company/acclaim-ai-cx,,,,,,,,,,,,
